ts,arm,family,template,item_id,rep,temperature,n_attempts,n_conv_attempts,lat_total_ms,conv_lat_ms,score,gate_pass,f0_ok,v_in,v_out,f_tok,r_in,r_out,k_in,k_out,k_rin,k_rout,f_conv_tok,f_exec_tok,doc_valid,kerr_flag,conv_errors,detail,final_error,transport_fail,raw_path,rerun
2026-08-25T20:10:16,JSON,EX,EX-01,EX-01-00,0,0.7,1,0,21658,0,0.7857,False,True,264,1145,389,0,0,0,0,0,0,0,389,True,False,,"{""a1_owner"": true, ""a1_action"": true, ""a1_deadline"": true, ""a1_priority"": true, ""a2_owner"": true, ""a2_action"": true, ""a2_constraint"": false, ""a3_owner"": true, ""a3_action"": true, ""a3_deadline"": false, ""a3_priority"": true, ""guard_target"": true, ""guard_condition"": true, ""guard_type"": false}",,False,experiments/results/E1/raw_outputs/JSON/EX/EX-01-00_r0.json,0
2026-08-25T20:10:26,JSON,EX,EX-01,EX-01-00,1,0.7,1,0,16080,0,0.7857,False,True,264,812,389,0,0,0,0,0,0,0,389,True,False,,"{""a1_owner"": true, ""a1_action"": true, ""a1_deadline"": true, ""a1_priority"": true, ""a2_owner"": true, ""a2_action"": true, ""a2_constraint"": false, ""a3_owner"": true, ""a3_action"": true, ""a3_deadline"": false, ""a3_priority"": true, ""guard_target"": true, ""guard_condition"": true, ""guard_type"": false}",,False,experiments/results/E1/raw_outputs/JSON/EX/EX-01-00_r1.json,0
2026-08-25T20:10:48,JSON,EX,EX-01,EX-01-00,2,0.7,1,0,22105,0,0.7143,False,True,264,950,389,0,0,0,0,0,0,0,389,True,False,,"{""a1_owner"": true, ""a1_action"": true, ""a1_deadline"": true, ""a1_priority"": true, ""a2_owner"": true, ""a2_action"": true, ""a2_constraint"": false, ""a3_owner"": true, ""a3_action"": false, ""a3_deadline"": false, ""a3_priority"": true, ""guard_target"": true, ""guard_condition"": true, ""guard_type"": false}",,False,experiments/results/E1/raw_outputs/JSON/EX/EX-01-00_r2.json,0
2026-08-25T20:12:30,CSIR-SIR,EX,EX-01,EX-01-00,0,0.7,5,3,21885,116665,0.1429,False,True,225,259,295,540,630,1649,2048,3354,4096,1368,295,False,True,json:no JSON object found,"{""a1_owner"": false, ""a1_action"": false, ""a1_deadline"": false, ""a1_priority"": true, ""a2_owner"": true, ""a2_action"": false, ""a2_constraint"": false, ""a3_owner"": false, ""a3_action"": false, ""a3_deadline"": false, ""a3_priority"": false, ""guard_target"": false, ""guard_condition"": false, ""guard_type"": false}",,False,experiments/results/E1/raw_outputs/CSIR-SIR/EX/EX-01-00_r0.json,0
2026-08-25T20:12:40,CSIR-SIR,EX,EX-01,EX-01-00,2,0.7,5,3,17150,104617,0.1429,False,True,225,194,295,540,477,1649,2048,3354,4096,1368,295,False,True,json:no JSON object found,"{""a1_owner"": false, ""a1_action"": false, ""a1_deadline"": false, ""a1_priority"": true, ""a2_owner"": true, ""a2_action"": false, ""a2_constraint"": false, ""a3_owner"": false, ""a3_action"": false, ""a3_deadline"": false, ""a3_priority"": false, ""guard_target"": false, ""guard_condition"": false, ""guard_type"": false}",,False,experiments/results/E1/raw_outputs/CSIR-SIR/EX/EX-01-00_r2.json,0
2026-08-25T20:12:49,JSON,EX,EX-01,EX-01-01,0,0.7,1,0,19291,0,0.7857,False,True,263,825,389,0,0,0,0,0,0,0,389,True,False,,"{""a1_owner"": true, ""a1_action"": true, ""a1_deadline"": true, ""a1_priority"": true, ""a2_owner"": true, ""a2_action"": true, ""a2_constraint"": false, ""a3_owner"": true, ""a3_action"": true, ""a3_deadline"": false, ""a3_priority"": true, ""guard_target"": true, ""guard_condition"": true, ""guard_type"": false}",,False,experiments/results/E1/raw_outputs/JSON/EX/EX-01-01_r0.json,0
2026-08-25T20:13:25,CSIR-SIR,EX,EX-01,EX-01-00,1,0.7,5,3,23943,126126,0.1429,False,True,225,388,295,540,437,1649,2048,3354,4096,1368,295,False,True,json:no JSON object found,"{""a1_owner"": false, ""a1_action"": false, ""a1_deadline"": false, ""a1_priority"": true, ""a2_owner"": true, ""a2_action"": false, ""a2_constraint"": false, ""a3_owner"": false, ""a3_action"": false, ""a3_deadline"": false, ""a3_priority"": false, ""guard_target"": false, ""guard_condition"": false, ""guard_type"": false}",,False,experiments/results/E1/raw_outputs/CSIR-SIR/EX/EX-01-00_r1.json,0
2026-08-25T20:13:35,JSON,EX,EX-01,EX-01-01,1,0.7,1,0,24684,0,0.7143,False,True,263,634,389,0,0,0,0,0,0,0,389,True,False,,"{""a1_owner"": true, ""a1_action"": true, ""a1_deadline"": true, ""a1_priority"": true, ""a2_owner"": true, ""a2_action"": true, ""a2_constraint"": false, ""a3_owner"": true, ""a3_action"": false, ""a3_deadline"": false, ""a3_priority"": true, ""guard_target"": true, ""guard_condition"": true, ""guard_type"": false}",,False,experiments/results/E1/raw_outputs/JSON/EX/EX-01-01_r1.json,0
2026-08-25T20:13:36,CSIR-SIR,EX,EX-01,EX-01-01,0,0.7,5,3,20247,125921,0.1429,False,True,225,551,295,540,368,1648,2048,3352,4096,1368,295,False,True,json:no JSON object found,"{""a1_owner"": false, ""a1_action"": false, ""a1_deadline"": false, ""a1_priority"": true, ""a2_owner"": true, ""a2_action"": false, ""a2_constraint"": false, ""a3_owner"": false, ""a3_action"": false, ""a3_deadline"": false, ""a3_priority"": false, ""guard_target"": false, ""guard_condition"": false, ""guard_type"": false}",,False,experiments/results/E1/raw_outputs/CSIR-SIR/EX/EX-01-01_r0.json,0
2026-08-25T20:14:12,JSON,EX,EX-01,EX-01-01,2,0.7,1,0,16125,0,0.7857,False,True,263,759,389,0,0,0,0,0,0,0,389,True,False,,"{""a1_owner"": true, ""a1_action"": true, ""a1_deadline"": true, ""a1_priority"": true, ""a2_owner"": true, ""a2_action"": true, ""a2_constraint"": false, ""a3_owner"": true, ""a3_action"": true, ""a3_deadline"": false, ""a3_priority"": true, ""guard_target"": true, ""guard_condition"": true, ""guard_type"": false}",,False,experiments/results/E1/raw_outputs/JSON/EX/EX-01-01_r2.json,0
2026-08-25T21:15:14,JSON,EX,EX-02,EX-02-00,0,0.7,1,0,24752,0,0.6154,False,True,316,854,389,0,0,0,0,0,0,0,389,True,False,,"{""incident_id"": true, ""service"": true, ""symptom"": true, ""t_open"": false, ""blast_region"": true, ""blast_share"": false, ""rollback_deploy_id"": true, ""rollback_time"": false, ""suspected_cause"": true, ""status_page_time"": false, ""enterprise_email_required"": true, ""exception_company"": true, ""exception_notify"": false}",,False,experiments/results/E1/raw_outputs/JSON/EX/EX-02-00_r0.json,0
2026-08-25T21:17:22,CSIR-SIR,EX,EX-02,EX-02-00,0,0.7,5,3,21073,137990,0.0769,False,True,211,226,295,526,321,1701,2048,3458,4096,1368,295,False,True,json:no JSON object found,"{""incident_id"": false, ""service"": false, ""symptom"": false, ""t_open"": false, ""blast_region"": false, ""blast_share"": false, ""rollback_deploy_id"": false, ""rollback_time"": false, ""suspected_cause"": false, ""status_page_time"": false, ""enterprise_email_required"": true, ""exception_company"": false, ""exception_notify"": false}",,False,experiments/results/E1/raw_outputs/CSIR-SIR/EX/EX-02-00_r0.json,0
2026-08-25T21:17:46,JSON,EX,EX-02,EX-02-00,1,0.7,1,0,24071,0,0.6154,False,True,316,735,389,0,0,0,0,0,0,0,389,True,False,,"{""incident_id"": true, ""service"": true, ""symptom"": true, ""t_open"": false, ""blast_region"": true, ""blast_share"": false, ""rollback_deploy_id"": true, ""rollback_time"": false, ""suspected_cause"": true, ""status_page_time"": false, ""enterprise_email_required"": true, ""exception_company"": true, ""exception_notify"": false}",,False,experiments/results/E1/raw_outputs/JSON/EX/EX-02-00_r1.json,0
2026-08-25T21:17:56,CSIR-SIR,EX,EX-02,EX-02-00,1,0.7,5,3,23052,118159,0.0769,False,True,211,155,295,526,298,1701,2048,3458,4096,1368,295,False,True,json:no JSON object found,"{""incident_id"": false, ""service"": false, ""symptom"": false, ""t_open"": false, ""blast_region"": false, ""blast_share"": false, ""rollback_deploy_id"": false, ""rollback_time"": false, ""suspected_cause"": false, ""status_page_time"": false, ""enterprise_email_required"": true, ""exception_company"": false, ""exception_notify"": false}",,False,experiments/results/E1/raw_outputs/CSIR-SIR/EX/EX-02-00_r1.json,0
2026-08-25T21:18:02,CSIR-SIR,EX,EX-01,EX-01-01,1,0.7,5,3,55360,99464,0.1429,False,True,225,190,295,540,452,1648,2048,3352,4096,1368,295,False,True,json:no JSON object found,"{""a1_owner"": false, ""a1_action"": false, ""a1_deadline"": false, ""a1_priority"": true, ""a2_owner"": true, ""a2_action"": false, ""a2_constraint"": false, ""a3_owner"": false, ""a3_action"": false, ""a3_deadline"": false, ""a3_priority"": false, ""guard_target"": false, ""guard_condition"": false, ""guard_type"": false}",,False,experiments/results/E1/raw_outputs/CSIR-SIR/EX/EX-01-01_r1.json,0
2026-08-25T21:18:22,CSIR-SIR,EX,EX-01,EX-01-01,2,0.7,6,3,29983,128265,0.1429,False,True,225,459,295,1080,709,1648,2048,3352,4096,1368,295,False,True,json:no JSON object found,"{""a1_owner"": false, ""a1_action"": false, ""a1_deadline"": false, ""a1_priority"": true, ""a2_owner"": true, ""a2_action"": false, ""a2_constraint"": false, ""a3_owner"": false, ""a3_action"": false, ""a3_deadline"": false, ""a3_priority"": false, ""guard_target"": false, ""guard_condition"": false, ""guard_type"": false}",,False,experiments/results/E1/raw_outputs/CSIR-SIR/EX/EX-01-01_r2.json,0
2026-08-25T21:18:45,JSON,EX,EX-02,EX-02-01,0,0.7,1,0,21976,0,0.6154,False,True,306,787,389,0,0,0,0,0,0,0,389,True,False,,"{""incident_id"": true, ""service"": true, ""symptom"": true, ""t_open"": false, ""blast_region"": true, ""blast_share"": false, ""rollback_deploy_id"": true, ""rollback_time"": false, ""suspected_cause"": true, ""status_page_time"": false, ""enterprise_email_required"": true, ""exception_company"": true, ""exception_notify"": false}",,False,experiments/results/E1/raw_outputs/JSON/EX/EX-02-01_r0.json,0
2026-08-25T21:18:46,JSON,EX,EX-02,EX-02-00,2,0.7,1,0,49630,0,0.6154,False,True,316,819,389,0,0,0,0,0,0,0,389,True,False,,"{""incident_id"": true, ""service"": true, ""symptom"": true, ""t_open"": false, ""blast_region"": true, ""blast_share"": false, ""rollback_deploy_id"": true, ""rollback_time"": false, ""suspected_cause"": true, ""status_page_time"": false, ""enterprise_email_required"": true, ""exception_company"": true, ""exception_notify"": false}",,False,experiments/results/E1/raw_outputs/JSON/EX/EX-02-00_r2.json,0
2026-08-25T21:19:45,JSON,EX,EX-02,EX-02-01,1,0.7,1,0,58692,0,0.8462,False,True,306,1856,389,0,0,0,0,0,0,0,389,True,False,,"{""incident_id"": true, ""service"": true, ""symptom"": true, ""t_open"": true, ""blast_region"": true, ""blast_share"": false, ""rollback_deploy_id"": true, ""rollback_time"": true, ""suspected_cause"": true, ""status_page_time"": true, ""enterprise_email_required"": true, ""exception_company"": true, ""exception_notify"": false}",,False,experiments/results/E1/raw_outputs/JSON/EX/EX-02-01_r1.json,0
2026-08-25T21:20:55,CSIR-SIR,EX,EX-02,EX-02-00,2,0.7,5,3,23699,122390,0.0769,False,True,211,164,295,526,560,1701,2048,3458,4096,1368,295,False,True,json:no JSON object found,"{""incident_id"": false, ""service"": false, ""symptom"": false, ""t_open"": false, ""blast_region"": false, ""blast_share"": false, ""rollback_deploy_id"": false, ""rollback_time"": false, ""suspected_cause"": false, ""status_page_time"": false, ""enterprise_email_required"": true, ""exception_company"": false, ""exception_notify"": false}",,False,experiments/results/E1/raw_outputs/CSIR-SIR/EX/EX-02-00_r2.json,0
2026-08-25T21:21:01,CSIR-SIR,EX,EX-02,EX-02-01,0,0.7,5,3,15498,140387,0.0769,False,True,211,111,295,526,388,1691,2048,3438,4096,1368,295,False,True,json:no JSON object found,"{""incident_id"": false, ""service"": false, ""symptom"": false, ""t_open"": false, ""blast_region"": false, ""blast_share"": false, ""rollback_deploy_id"": false, ""rollback_time"": false, ""suspected_cause"": false, ""status_page_time"": false, ""enterprise_email_required"": true, ""exception_company"": false, ""exception_notify"": false}",,False,experiments/results/E1/raw_outputs/CSIR-SIR/EX/EX-02-01_r0.json,0
2026-08-25T21:22:39,JSON,EX,EX-02,EX-02-01,2,0.7,2,0,103837,0,0.6923,False,True,306,2048,389,722,671,0,0,0,0,0,389,True,False,,"{""incident_id"": true, ""service"": true, ""symptom"": true, ""t_open"": true, ""blast_region"": true, ""blast_share"": false, ""rollback_deploy_id"": true, ""rollback_time"": false, ""suspected_cause"": true, ""status_page_time"": false, ""enterprise_email_required"": true, ""exception_company"": true, ""exception_notify"": false}",,False,experiments/results/E1/raw_outputs/JSON/EX/EX-02-01_r2.json,0
2026-08-25T21:24:15,JSON,EX,EX-03,EX-03-00,0,0.7,1,0,13029,0,1.0,True,True,245,455,389,0,0,0,0,0,0,0,389,True,False,,"{""rent_due_day"": true, ""fee_amount_usd"": true, ""fee_trigger_days"": true, ""prohibition_paint"": true, ""prohibition_sublet"": true, ""pet_weight_limit_kg"": true, ""consent_escape"": true, ""notice_hours"": true, ""notice_exception"": true}",,False,experiments/results/E1/raw_outputs/JSON/EX/EX-03-00_r0.json,0
2026-08-25T21:24:20,CSIR-SIR,EX,EX-02,EX-02-01,2,0.7,5,3,47331,142830,0.0769,False,True,211,172,295,526,263,1691,2048,3438,4096,1368,295,False,True,json:no JSON object found,"{""incident_id"": false, ""service"": false, ""symptom"": false, ""t_open"": false, ""blast_region"": false, ""blast_share"": false, ""rollback_deploy_id"": false, ""rollback_time"": false, ""suspected_cause"": false, ""status_page_time"": false, ""enterprise_email_required"": true, ""exception_company"": false, ""exception_notify"": false}",,False,experiments/results/E1/raw_outputs/CSIR-SIR/EX/EX-02-01_r2.json,0
2026-08-25T21:24:30,JSON,EX,EX-03,EX-03-00,1,0.7,1,0,9540,0,0.8889,False,True,245,252,389,0,0,0,0,0,0,0,389,True,False,,"{""rent_due_day"": true, ""fee_amount_usd"": true, ""fee_trigger_days"": true, ""prohibition_paint"": true, ""prohibition_sublet"": true, ""pet_weight_limit_kg"": true, ""consent_escape"": false, ""notice_hours"": true, ""notice_exception"": true}",,False,experiments/results/E1/raw_outputs/JSON/EX/EX-03-00_r1.json,0
2026-08-25T21:24:43,CSIR-SIR,EX,EX-03,EX-03-00,0,0.7,5,3,38899,161508,0.0,False,True,205,393,295,520,934,1630,2048,3316,4096,1368,295,False,True,json:no JSON object found,"{""rent_due_day"": false, ""fee_amount_usd"": false, ""fee_trigger_days"": false, ""prohibition_paint"": false, ""prohibition_sublet"": false, ""pet_weight_limit_kg"": false, ""consent_escape"": false, ""notice_hours"": false, ""notice_exception"": false}",,False,experiments/results/E1/raw_outputs/CSIR-SIR/EX/EX-03-00_r0.json,0
2026-08-25T21:25:14,JSON,EX,EX-03,EX-03-00,2,0.7,1,0,10515,0,0.8889,False,True,245,324,389,0,0,0,0,0,0,0,389,True,False,,"{""rent_due_day"": true, ""fee_amount_usd"": true, ""fee_trigger_days"": true, ""prohibition_paint"": true, ""prohibition_sublet"": true, ""pet_weight_limit_kg"": true, ""consent_escape"": false, ""notice_hours"": true, ""notice_exception"": true}",,False,experiments/results/E1/raw_outputs/JSON/EX/EX-03-00_r2.json,0
2026-08-25T21:25:31,CSIR-SIR,EX,EX-02,EX-02-01,1,0.7,6,3,158661,130985,0.0769,False,True,211,181,295,1052,627,1691,2048,3438,4096,1368,295,False,True,json:no JSON object found,"{""incident_id"": false, ""service"": false, ""symptom"": false, ""t_open"": false, ""blast_region"": false, ""blast_share"": false, ""rollback_deploy_id"": false, ""rollback_time"": false, ""suspected_cause"": false, ""status_page_time"": false, ""enterprise_email_required"": true, ""exception_company"": false, ""exception_notify"": false}",,False,experiments/results/E1/raw_outputs/CSIR-SIR/EX/EX-02-01_r1.json,0
2026-08-25T21:25:43,JSON,EX,EX-03,EX-03-01,0,0.7,1,0,11965,0,0.8889,False,True,245,431,389,0,0,0,0,0,0,0,389,True,False,,"{""rent_due_day"": true, ""fee_amount_usd"": true, ""fee_trigger_days"": true, ""prohibition_paint"": true, ""prohibition_sublet"": true, ""pet_weight_limit_kg"": true, ""consent_escape"": false, ""notice_hours"": true, ""notice_exception"": true}",,False,experiments/results/E1/raw_outputs/JSON/EX/EX-03-01_r0.json,0
2026-08-25T21:27:14,CSIR-SIR,EX,EX-03,EX-03-00,1,0.7,5,3,15482,142257,0.0,False,True,205,152,295,520,296,1630,2048,3316,4096,1368,295,False,True,json:no JSON object found,"{""rent_due_day"": false, ""fee_amount_usd"": false, ""fee_trigger_days"": false, ""prohibition_paint"": false, ""prohibition_sublet"": false, ""pet_weight_limit_kg"": false, ""consent_escape"": false, ""notice_hours"": false, ""notice_exception"": false}",,False,experiments/results/E1/raw_outputs/CSIR-SIR/EX/EX-03-00_r1.json,0
2026-08-25T21:27:27,JSON,EX,EX-03,EX-03-01,1,0.7,1,0,12908,0,0.8889,False,True,245,432,389,0,0,0,0,0,0,0,389,True,False,,"{""rent_due_day"": true, ""fee_amount_usd"": true, ""fee_trigger_days"": true, ""prohibition_paint"": true, ""prohibition_sublet"": true, ""pet_weight_limit_kg"": true, ""consent_escape"": false, ""notice_hours"": true, ""notice_exception"": true}",,False,experiments/results/E1/raw_outputs/JSON/EX/EX-03-01_r1.json,0
2026-08-25T21:28:56,CSIR-SIR,EX,EX-03,EX-03-00,2,0.7,5,3,77398,126122,0.0,False,True,205,414,295,520,385,1630,2048,3316,4096,1368,295,False,True,json:no JSON object found,"{""rent_due_day"": false, ""fee_amount_usd"": false, ""fee_trigger_days"": false, ""prohibition_paint"": false, ""prohibition_sublet"": false, ""pet_weight_limit_kg"": false, ""consent_escape"": false, ""notice_hours"": false, ""notice_exception"": false}",,False,experiments/results/E1/raw_outputs/CSIR-SIR/EX/EX-03-00_r2.json,0
2026-08-25T21:29:53,CSIR-SIR,EX,EX-03,EX-03-01,1,0.7,5,3,33857,214419,0.0,False,True,205,380,295,520,350,1630,2048,3316,4096,1368,295,False,True,json:no JSON object found,"{""rent_due_day"": false, ""fee_amount_usd"": false, ""fee_trigger_days"": false, ""prohibition_paint"": false, ""prohibition_sublet"": false, ""pet_weight_limit_kg"": false, ""consent_escape"": false, ""notice_hours"": false, ""notice_exception"": false}",,False,experiments/results/E1/raw_outputs/CSIR-SIR/EX/EX-03-01_r1.json,0
2026-08-25T21:30:13,CSIR-SIR,EX,EX-03,EX-03-01,0,0.7,5,3,37649,134828,0.0,False,True,205,231,295,520,353,1630,2048,3316,4096,1368,295,False,True,json:no JSON object found,"{""rent_due_day"": false, ""fee_amount_usd"": false, ""fee_trigger_days"": false, ""prohibition_paint"": false, ""prohibition_sublet"": false, ""pet_weight_limit_kg"": false, ""consent_escape"": false, ""notice_hours"": false, ""notice_exception"": false}",,False,experiments/results/E1/raw_outputs/CSIR-SIR/EX/EX-03-01_r0.json,0
2026-08-25T21:30:35,JSON,EX,EX-04,EX-04-00,0,0.7,1,0,22024,0,0.9375,False,True,340,807,389,0,0,0,0,0,0,0,389,True,False,,"{""ship_date"": true, ""pickup_start"": true, ""pickup_end"": true, ""cargo1_name"": true, ""cargo1_qty"": true, ""cargo1_unit"": true, ""cargo1_weight_each_kg"": true, ""cargo2_name"": true, ""cargo2_qty"": true, ""cargo2_unit"": true, ""cargo2_weight_total_kg"": true, ""handling_exclusion"": false, ""docs_deadline_date"": true, ""roll_to_date"": true, ""docs_filed_date"": true, ""condition_triggered"": true}",,False,experiments/results/E1/raw_outputs/JSON/EX/EX-04-00_r0.json,0
2026-08-25T21:31:14,JSON,EX,EX-03,EX-03-01,2,0.7,1,0,138252,0,0.8889,False,True,245,516,389,0,0,0,0,0,0,0,389,True,False,,"{""rent_due_day"": true, ""fee_amount_usd"": true, ""fee_trigger_days"": true, ""prohibition_paint"": true, ""prohibition_sublet"": true, ""pet_weight_limit_kg"": true, ""consent_escape"": false, ""notice_hours"": true, ""notice_exception"": true}",,False,experiments/results/E1/raw_outputs/JSON/EX/EX-03-01_r2.json,0
2026-08-25T21:31:31,CSIR-SIR,EX,EX-03,EX-03-01,2,0.7,5,3,67056,155666,0.0,False,True,205,619,295,520,256,1630,2048,3316,4096,1368,295,False,True,json:no JSON object found,"{""rent_due_day"": false, ""fee_amount_usd"": false, ""fee_trigger_days"": false, ""prohibition_paint"": false, ""prohibition_sublet"": false, ""pet_weight_limit_kg"": false, ""consent_escape"": false, ""notice_hours"": false, ""notice_exception"": false}",,False,experiments/results/E1/raw_outputs/CSIR-SIR/EX/EX-03-01_r2.json,0
2026-08-25T21:32:02,JSON,EX,EX-04,EX-04-00,1,0.7,1,0,47870,0,0.9375,False,True,340,564,389,0,0,0,0,0,0,0,389,True,False,,"{""ship_date"": true, ""pickup_start"": true, ""pickup_end"": true, ""cargo1_name"": true, ""cargo1_qty"": true, ""cargo1_unit"": true, ""cargo1_weight_each_kg"": true, ""cargo2_name"": true, ""cargo2_qty"": true, ""cargo2_unit"": true, ""cargo2_weight_total_kg"": true, ""handling_exclusion"": false, ""docs_deadline_date"": true, ""roll_to_date"": true, ""docs_filed_date"": true, ""condition_triggered"": true}",,False,experiments/results/E1/raw_outputs/JSON/EX/EX-04-00_r1.json,0
2026-08-25T21:32:57,JSON,EX,EX-04,EX-04-00,2,0.7,1,0,55131,0,0.9375,False,True,340,987,389,0,0,0,0,0,0,0,389,True,False,,"{""ship_date"": true, ""pickup_start"": true, ""pickup_end"": true, ""cargo1_name"": true, ""cargo1_qty"": true, ""cargo1_unit"": true, ""cargo1_weight_each_kg"": true, ""cargo2_name"": true, ""cargo2_qty"": true, ""cargo2_unit"": true, ""cargo2_weight_total_kg"": true, ""handling_exclusion"": false, ""docs_deadline_date"": true, ""roll_to_date"": true, ""docs_filed_date"": true, ""condition_triggered"": true}",,False,experiments/results/E1/raw_outputs/JSON/EX/EX-04-00_r2.json,0
2026-08-25T21:33:55,CSIR-SIR,EX,EX-04,EX-04-00,1,0.7,5,3,66746,132779,0.0625,False,True,238,222,295,553,453,1725,2048,3506,4096,1368,295,False,True,json:no JSON object found,"{""ship_date"": false, ""pickup_start"": false, ""pickup_end"": false, ""cargo1_name"": false, ""cargo1_qty"": false, ""cargo1_unit"": false, ""cargo1_weight_each_kg"": false, ""cargo2_name"": false, ""cargo2_qty"": false, ""cargo2_unit"": false, ""cargo2_weight_total_kg"": false, ""handling_exclusion"": false, ""docs_deadline_date"": false, ""roll_to_date"": false, ""docs_filed_date"": false, ""condition_triggered"": true}",,False,experiments/results/E1/raw_outputs/CSIR-SIR/EX/EX-04-00_r1.json,0
2026-08-25T21:34:04,CSIR-SIR,EX,EX-04,EX-04-00,0,0.7,6,3,35752,153235,0.0625,False,True,238,397,295,1106,684,1725,2048,3506,4096,1368,295,False,True,json:no JSON object found,"{""ship_date"": false, ""pickup_start"": false, ""pickup_end"": false, ""cargo1_name"": false, ""cargo1_qty"": false, ""cargo1_unit"": false, ""cargo1_weight_each_kg"": false, ""cargo2_name"": false, ""cargo2_qty"": false, ""cargo2_unit"": false, ""cargo2_weight_total_kg"": false, ""handling_exclusion"": false, ""docs_deadline_date"": false, ""roll_to_date"": false, ""docs_filed_date"": false, ""condition_triggered"": true}",,False,experiments/results/E1/raw_outputs/CSIR-SIR/EX/EX-04-00_r0.json,0
2026-08-25T21:34:24,JSON,EX,EX-04,EX-04-01,0,0.7,1,0,28646,0,0.9375,False,True,342,798,389,0,0,0,0,0,0,0,389,True,False,,"{""ship_date"": true, ""pickup_start"": true, ""pickup_end"": true, ""cargo1_name"": true, ""cargo1_qty"": true, ""cargo1_unit"": true, ""cargo1_weight_each_kg"": true, ""cargo2_name"": true, ""cargo2_qty"": true, ""cargo2_unit"": true, ""cargo2_weight_total_kg"": true, ""handling_exclusion"": false, ""docs_deadline_date"": true, ""roll_to_date"": true, ""docs_filed_date"": true, ""condition_triggered"": true}",,False,experiments/results/E1/raw_outputs/JSON/EX/EX-04-01_r0.json,0
2026-08-25T21:35:08,JSON,EX,EX-04,EX-04-01,1,0.7,1,0,23720,0,0.9375,False,True,342,604,389,0,0,0,0,0,0,0,389,True,False,,"{""ship_date"": true, ""pickup_start"": true, ""pickup_end"": true, ""cargo1_name"": true, ""cargo1_qty"": true, ""cargo1_unit"": true, ""cargo1_weight_each_kg"": true, ""cargo2_name"": true, ""cargo2_qty"": true, ""cargo2_unit"": true, ""cargo2_weight_total_kg"": true, ""handling_exclusion"": false, ""docs_deadline_date"": true, ""roll_to_date"": true, ""docs_filed_date"": true, ""condition_triggered"": true}",,False,experiments/results/E1/raw_outputs/JSON/EX/EX-04-01_r1.json,0
2026-08-25T21:35:14,CSIR-SIR,EX,EX-04,EX-04-00,2,0.7,5,3,17999,162774,0.0625,False,True,238,149,295,553,485,1725,2048,3506,4096,1368,295,False,True,json:no JSON object found,"{""ship_date"": false, ""pickup_start"": false, ""pickup_end"": false, ""cargo1_name"": false, ""cargo1_qty"": false, ""cargo1_unit"": false, ""cargo1_weight_each_kg"": false, ""cargo2_name"": false, ""cargo2_qty"": false, ""cargo2_unit"": false, ""cargo2_weight_total_kg"": false, ""handling_exclusion"": false, ""docs_deadline_date"": false, ""roll_to_date"": false, ""docs_filed_date"": false, ""condition_triggered"": true}",,False,experiments/results/E1/raw_outputs/CSIR-SIR/EX/EX-04-00_r2.json,0
2026-08-25T21:35:47,JSON,EX,EX-04,EX-04-01,2,0.7,1,0,33217,0,0.9375,False,True,342,870,389,0,0,0,0,0,0,0,389,True,False,,"{""ship_date"": true, ""pickup_start"": true, ""pickup_end"": true, ""cargo1_name"": true, ""cargo1_qty"": true, ""cargo1_unit"": true, ""cargo1_weight_each_kg"": true, ""cargo2_name"": true, ""cargo2_qty"": true, ""cargo2_unit"": true, ""cargo2_weight_total_kg"": true, ""handling_exclusion"": false, ""docs_deadline_date"": true, ""roll_to_date"": true, ""docs_filed_date"": true, ""condition_triggered"": true}",,False,experiments/results/E1/raw_outputs/JSON/EX/EX-04-01_r2.json,0
2026-08-25T21:38:30,CSIR-SIR,EX,EX-04,EX-04-01,1,0.7,5,3,46567,176665,0.0625,False,True,238,503,295,553,871,1727,2048,3510,4096,1368,295,False,True,json:no JSON object found,"{""ship_date"": false, ""pickup_start"": false, ""pickup_end"": false, ""cargo1_name"": false, ""cargo1_qty"": false, ""cargo1_unit"": false, ""cargo1_weight_each_kg"": false, ""cargo2_name"": false, ""cargo2_qty"": false, ""cargo2_unit"": false, ""cargo2_weight_total_kg"": false, ""handling_exclusion"": false, ""docs_deadline_date"": false, ""roll_to_date"": false, ""docs_filed_date"": false, ""condition_triggered"": true}",,False,experiments/results/E1/raw_outputs/CSIR-SIR/EX/EX-04-01_r1.json,0
2026-08-25T21:39:28,CSIR-SIR,EX,EX-04,EX-04-01,0,0.7,5,3,72759,274771,0.0625,False,True,238,752,295,553,304,1727,2048,3510,4096,1368,295,False,True,json:no JSON object found,"{""ship_date"": false, ""pickup_start"": false, ""pickup_end"": false, ""cargo1_name"": false, ""cargo1_qty"": false, ""cargo1_unit"": false, ""cargo1_weight_each_kg"": false, ""cargo2_name"": false, ""cargo2_qty"": false, ""cargo2_unit"": false, ""cargo2_weight_total_kg"": false, ""handling_exclusion"": false, ""docs_deadline_date"": false, ""roll_to_date"": false, ""docs_filed_date"": false, ""condition_triggered"": true}",,False,experiments/results/E1/raw_outputs/CSIR-SIR/EX/EX-04-01_r0.json,0
2026-08-25T21:39:55,JSON,EX,EX-05,EX-05-00,0,0.7,1,0,42738,0,0.9,False,True,244,1413,389,0,0,0,0,0,0,0,389,True,False,,"{""category"": true, ""version"": true, ""symptom_condition"": true, ""tier"": true, ""seats"": true, ""deadline_day"": true, ""deadline_month"": false, ""mitigations_tried"": true, ""priority"": true, ""exec_visible"": true}",,False,experiments/results/E1/raw_outputs/JSON/EX/EX-05-00_r0.json,0
2026-08-25T21:41:03,CSIR-SIR,EX,EX-05,EX-05-00,0,0.7,5,3,55040,156107,0.1,False,True,197,1151,295,512,760,1629,2048,3314,4096,1368,295,False,True,json:no JSON object found,"{""category"": false, ""version"": false, ""symptom_condition"": false, ""tier"": false, ""seats"": false, ""deadline_day"": false, ""deadline_month"": true, ""mitigations_tried"": false, ""priority"": false, ""exec_visible"": false}",,False,experiments/results/E1/raw_outputs/CSIR-SIR/EX/EX-05-00_r0.json,0
2026-08-25T21:41:49,CSIR-SIR,EX,EX-04,EX-04-01,2,0.7,5,3,44668,210368,0.0625,False,True,238,608,295,553,493,1727,2048,3510,4096,1368,295,False,True,json:no JSON object found,"{""ship_date"": false, ""pickup_start"": false, ""pickup_end"": false, ""cargo1_name"": false, ""cargo1_qty"": false, ""cargo1_unit"": false, ""cargo1_weight_each_kg"": false, ""cargo2_name"": false, ""cargo2_qty"": false, ""cargo2_unit"": false, ""cargo2_weight_total_kg"": false, ""handling_exclusion"": false, ""docs_deadline_date"": false, ""roll_to_date"": false, ""docs_filed_date"": false, ""condition_triggered"": true}",,False,experiments/results/E1/raw_outputs/CSIR-SIR/EX/EX-04-01_r2.json,0
2026-08-25T21:50:02,JSON,EX,EX-05,EX-05-00,2,0.7,1,0,33111,0,0.8,False,True,244,1285,389,0,0,0,0,0,0,0,389,True,False,,"{""category"": false, ""version"": true, ""symptom_condition"": true, ""tier"": true, ""seats"": true, ""deadline_day"": true, ""deadline_month"": false, ""mitigations_tried"": true, ""priority"": true, ""exec_visible"": true}",,False,experiments/results/E1/raw_outputs/JSON/EX/EX-05-00_r2.json,0
2026-08-25T21:50:29,JSON,EX,EX-05,EX-05-00,1,0.7,1,0,34667,0,0.8,False,True,244,1155,389,0,0,0,0,0,0,0,389,True,False,,"{""category"": false, ""version"": true, ""symptom_condition"": true, ""tier"": true, ""seats"": true, ""deadline_day"": true, ""deadline_month"": false, ""mitigations_tried"": true, ""priority"": true, ""exec_visible"": true}",,False,experiments/results/E1/raw_outputs/JSON/EX/EX-05-00_r1.json,0
2026-08-25T21:51:59,JSON,EX,EX-05,EX-05-01,0,0.7,1,0,42780,0,0.9,False,True,243,1568,389,0,0,0,0,0,0,0,389,True,False,,"{""category"": true, ""version"": true, ""symptom_condition"": true, ""tier"": true, ""seats"": true, ""deadline_day"": true, ""deadline_month"": false, ""mitigations_tried"": true, ""priority"": true, ""exec_visible"": true}",,False,experiments/results/E1/raw_outputs/JSON/EX/EX-05-01_r0.json,0
2026-08-25T21:52:42,CSIR-SIR,EX,EX-05,EX-05-00,1,0.7,5,3,25639,144773,0.1,False,True,197,319,295,512,655,1629,2048,3314,4096,1368,295,False,True,json:no JSON object found,"{""category"": false, ""version"": false, ""symptom_condition"": false, ""tier"": false, ""seats"": false, ""deadline_day"": false, ""deadline_month"": true, ""mitigations_tried"": false, ""priority"": false, ""exec_visible"": false}",,False,experiments/results/E1/raw_outputs/CSIR-SIR/EX/EX-05-00_r1.json,0
2026-08-25T21:53:29,JSON,EX,EX-05,EX-05-01,1,0.7,1,0,47034,0,0.9,False,True,243,1791,389,0,0,0,0,0,0,0,389,True,False,,"{""category"": false, ""version"": true, ""symptom_condition"": true, ""tier"": true, ""seats"": true, ""deadline_day"": true, ""deadline_month"": true, ""mitigations_tried"": true, ""priority"": true, ""exec_visible"": true}",,False,experiments/results/E1/raw_outputs/JSON/EX/EX-05-01_r1.json,0
2026-08-25T21:53:33,CSIR-SIR,EX,EX-05,EX-05-01,0,0.7,5,3,19174,127796,0.1,False,True,197,181,295,512,352,1628,2048,3312,4096,1368,295,False,True,json:no JSON object found,"{""category"": false, ""version"": false, ""symptom_condition"": false, ""tier"": false, ""seats"": false, ""deadline_day"": false, ""deadline_month"": true, ""mitigations_tried"": false, ""priority"": false, ""exec_visible"": false}",,False,experiments/results/E1/raw_outputs/CSIR-SIR/EX/EX-05-01_r0.json,0
2026-08-25T21:54:02,CSIR-SIR,EX,EX-05,EX-05-00,2,0.7,5,3,15490,151732,0.1,False,True,197,343,295,512,139,1629,2048,3314,4096,1368,295,False,True,json:no JSON object found,"{""category"": false, ""version"": false, ""symptom_condition"": false, ""tier"": false, ""seats"": false, ""deadline_day"": false, ""deadline_month"": true, ""mitigations_tried"": false, ""priority"": false, ""exec_visible"": false}",,False,experiments/results/E1/raw_outputs/CSIR-SIR/EX/EX-05-00_r2.json,0
2026-08-25T21:55:10,JSON,EX,EX-05,EX-05-01,2,0.7,1,0,35076,0,0.8,False,True,243,1290,389,0,0,0,0,0,0,0,389,True,False,,"{""category"": false, ""version"": true, ""symptom_condition"": true, ""tier"": true, ""seats"": true, ""deadline_day"": true, ""deadline_month"": false, ""mitigations_tried"": true, ""priority"": true, ""exec_visible"": true}",,False,experiments/results/E1/raw_outputs/JSON/EX/EX-05-01_r2.json,0
2026-08-25T21:55:45,CSIR-SIR,EX,EX-05,EX-05-01,1,0.7,5,3,24058,119487,0.1,False,True,197,305,295,512,642,1628,2048,3312,4096,1368,295,False,True,json:no JSON object found,"{""category"": false, ""version"": false, ""symptom_condition"": false, ""tier"": false, ""seats"": false, ""deadline_day"": false, ""deadline_month"": true, ""mitigations_tried"": false, ""priority"": false, ""exec_visible"": false}",,False,experiments/results/E1/raw_outputs/CSIR-SIR/EX/EX-05-01_r1.json,0
2026-08-25T21:57:57,CSIR-SIR,EX,EX-05,EX-05-01,2,0.7,5,3,12545,129142,0.1,False,True,197,133,295,512,288,1628,2048,3312,4096,1368,295,False,True,json:no JSON object found,"{""category"": false, ""version"": false, ""symptom_condition"": false, ""tier"": false, ""seats"": false, ""deadline_day"": false, ""deadline_month"": true, ""mitigations_tried"": false, ""priority"": false, ""exec_visible"": false}",,False,experiments/results/E1/raw_outputs/CSIR-SIR/EX/EX-05-01_r2.json,0
2026-08-25T21:58:59,JSON,CP,CP-01,CP-01-00,1,0.7,1,0,39890,0,1.0,True,True,307,1137,389,0,0,0,0,0,0,0,389,True,False,,"{""hard_violations"": 0, ""h1_dur_a"": true, ""h2_projector_a"": true, ""h3_capacity"": true, ""h4_lunch"": true, ""h5_org_buffer"": true, ""h6_avail_b"": true, ""h7_precedence_d"": true, ""h8_grid"": true, ""h9_complete"": true, ""s1_quiet_c"": true}",,False,experiments/results/E1/raw_outputs/JSON/CP/CP-01-00_r1.json,0
2026-08-25T21:59:30,JSON,CP,CP-01,CP-01-00,0,0.7,3,0,153376,0,1.0,True,True,307,2048,389,1446,2975,0,0,0,0,0,389,True,False,,"{""hard_violations"": 0, ""h1_dur_a"": true, ""h2_projector_a"": true, ""h3_capacity"": true, ""h4_lunch"": true, ""h5_org_buffer"": true, ""h6_avail_b"": true, ""h7_precedence_d"": true, ""h8_grid"": true, ""h9_complete"": true, ""s1_quiet_c"": true}",,False,experiments/results/E1/raw_outputs/JSON/CP/CP-01-00_r0.json,0
2026-08-25T22:00:40,CSIR-SIR,CP,CP-01,CP-01-00,0,0.7,4,3,14105,132830,0.0,False,False,178,419,295,0,0,1692,2048,3440,4096,1368,295,False,True,json:no JSON object found,"{""checker_exception"": ""AttributeError(\""'str' object has no attribute 'get'\"")""}",,False,experiments/results/E1/raw_outputs/CSIR-SIR/CP/CP-01-00_r0.json,0
2026-08-25T22:02:44,CSIR-SIR,CP,CP-01,CP-01-00,1,0.7,4,3,8973,97275,0.0,False,False,178,283,295,0,0,1692,2048,3280,2325,1368,295,False,True,json:no JSON object found,"{""checker_exception"": ""AttributeError(\""'str' object has no attribute 'get'\"")""}",,False,experiments/results/E1/raw_outputs/CSIR-SIR/CP/CP-01-00_r1.json,0
2026-08-25T22:04:48,JSON,CP,CP-01,CP-01-00,2,0.7,3,0,255418,0,0.0,False,False,307,2048,389,1446,4096,0,0,0,0,0,389,True,False,,{},"parse: Expecting ',' delimiter: line 1 column 229 (char 228)",False,experiments/results/E1/raw_outputs/JSON/CP/CP-01-00_r2.json,0
2026-08-25T22:05:11,CSIR-SIR,CP,CP-01,CP-01-00,2,0.7,4,3,16379,208633,0.0,False,False,178,619,295,0,0,1692,2048,3440,4096,1368,295,False,True,json:no JSON object found,"{""checker_exception"": ""AttributeError(\""'str' object has no attribute 'get'\"")""}",,False,experiments/results/E1/raw_outputs/CSIR-SIR/CP/CP-01-00_r2.json,0
2026-08-25T22:06:16,JSON,CP,CP-01,CP-01-01,0,0.7,3,0,188603,0,1.0,True,True,307,2048,389,1446,3108,0,0,0,0,0,389,True,False,,"{""hard_violations"": 0, ""h1_dur_a"": true, ""h2_projector_a"": true, ""h3_capacity"": true, ""h4_lunch"": true, ""h5_org_buffer"": true, ""h6_avail_b"": true, ""h7_precedence_d"": true, ""h8_grid"": true, ""h9_complete"": true, ""s1_quiet_c"": true}",,False,experiments/results/E1/raw_outputs/JSON/CP/CP-01-01_r0.json,0
2026-08-25T22:06:16,CSIR-SIR,CP,CP-01,CP-01-01,0,0.7,4,3,8483,152935,0.0,False,True,178,301,295,0,0,1692,2048,3440,4096,1368,295,False,True,json:no JSON object found,"{""hard_violations"": 9, ""h1_dur_a"": false, ""h2_projector_a"": false, ""h3_capacity"": false, ""h4_lunch"": false, ""h5_org_buffer"": false, ""h6_avail_b"": false, ""h7_precedence_d"": false, ""h8_grid"": false, ""h9_complete"": false, ""s1_quiet_c"": false}",,False,experiments/results/E1/raw_outputs/CSIR-SIR/CP/CP-01-01_r0.json,0
2026-08-25T22:06:58,JSON,CP,CP-01,CP-01-01,2,0.7,1,0,40691,0,1.0,True,True,307,1516,389,0,0,0,0,0,0,0,389,True,False,,"{""hard_violations"": 0, ""h1_dur_a"": true, ""h2_projector_a"": true, ""h3_capacity"": true, ""h4_lunch"": true, ""h5_org_buffer"": true, ""h6_avail_b"": true, ""h7_precedence_d"": true, ""h8_grid"": true, ""h9_complete"": true, ""s1_quiet_c"": true}",,False,experiments/results/E1/raw_outputs/JSON/CP/CP-01-01_r2.json,0
2026-08-25T22:08:08,JSON,CP,CP-01,CP-01-01,1,0.7,2,0,87810,0,1.0,True,True,307,2048,389,723,992,0,0,0,0,0,389,True,False,,"{""hard_violations"": 0, ""h1_dur_a"": true, ""h2_projector_a"": true, ""h3_capacity"": true, ""h4_lunch"": true, ""h5_org_buffer"": true, ""h6_avail_b"": true, ""h7_precedence_d"": true, ""h8_grid"": true, ""h9_complete"": true, ""s1_quiet_c"": true}",,False,experiments/results/E1/raw_outputs/JSON/CP/CP-01-01_r1.json,0
2026-08-25T22:08:25,CSIR-SIR,CP,CP-01,CP-01-01,1,0.7,4,3,20101,133458,0.0,False,False,178,604,295,0,0,1692,2048,3440,4096,1368,295,False,True,json:no JSON object found,"{""checker_exception"": ""AttributeError(\""'str' object has no attribute 'get'\"")""}",,False,experiments/results/E1/raw_outputs/CSIR-SIR/CP/CP-01-01_r1.json,0
2026-08-25T22:09:10,JSON,CP,CP-02,CP-02-00,0,0.7,1,0,61886,0,0.875,True,True,299,1599,389,0,0,0,0,0,0,0,389,True,False,,"{""hard_violations"": 0, ""h1_skills"": true, ""h2_coverage"": true, ""h3_caps"": true, ""h4_t1_before_t3"": true, ""h5_t4_restriction"": true, ""s1_t2_early"": true, ""s2_balance"": false, ""s3_low_switching"": true}",,False,experiments/results/E1/raw_outputs/JSON/CP/CP-02-00_r0.json,0
2026-08-25T22:09:30,CSIR-SIR,CP,CP-01,CP-01-01,2,0.7,4,3,14797,137263,0.0,False,True,178,435,295,0,0,1692,2048,3440,4096,1368,295,False,True,json:no JSON object found,"{""hard_violations"": 9, ""h1_dur_a"": false, ""h2_projector_a"": false, ""h3_capacity"": false, ""h4_lunch"": false, ""h5_org_buffer"": false, ""h6_avail_b"": false, ""h7_precedence_d"": false, ""h8_grid"": false, ""h9_complete"": false, ""s1_quiet_c"": false}",,False,experiments/results/E1/raw_outputs/CSIR-SIR/CP/CP-01-01_r2.json,0
2026-08-25T22:10:12,CSIR-SIR,CP,CP-02,CP-02-00,0,0.7,4,3,8034,141976,0.0,False,True,156,186,295,0,0,1684,2048,3424,4096,1368,295,False,True,json:no JSON object found,"{""hard_violations"": 5, ""h1_skills"": false, ""h2_coverage"": false, ""h3_caps"": false, ""h4_t1_before_t3"": false, ""h5_t4_restriction"": false, ""s1_t2_early"": false, ""s2_balance"": false, ""s3_low_switching"": false}",,False,experiments/results/E1/raw_outputs/CSIR-SIR/CP/CP-02-00_r0.json,0
2026-08-25T22:11:45,JSON,CP,CP-02,CP-02-00,2,0.7,2,0,92738,0,0.875,True,True,299,2048,389,759,1440,0,0,0,0,0,389,True,False,,"{""hard_violations"": 0, ""h1_skills"": true, ""h2_coverage"": true, ""h3_caps"": true, ""h4_t1_before_t3"": true, ""h5_t4_restriction"": true, ""s1_t2_early"": true, ""s2_balance"": false, ""s3_low_switching"": true}",,False,experiments/results/E1/raw_outputs/JSON/CP/CP-02-00_r2.json,0
2026-08-25T22:12:43,CSIR-SIR,CP,CP-02,CP-02-00,1,0.7,4,3,9739,124205,0.0,False,False,156,218,295,0,0,1684,2048,3424,4096,1368,295,False,True,json:no JSON object found,"{""checker_exception"": ""AttributeError(\""'str' object has no attribute 'items'\"")""}",,False,experiments/results/E1/raw_outputs/CSIR-SIR/CP/CP-02-00_r1.json,0
2026-08-25T22:13:11,JSON,CP,CP-02,CP-02-00,1,0.7,3,0,176307,0,0.875,True,True,299,2048,389,1430,3603,0,0,0,0,0,389,True,False,,"{""hard_violations"": 0, ""h1_skills"": true, ""h2_coverage"": true, ""h3_caps"": true, ""h4_t1_before_t3"": true, ""h5_t4_restriction"": true, ""s1_t2_early"": true, ""s2_balance"": false, ""s3_low_switching"": true}",,False,experiments/results/E1/raw_outputs/JSON/CP/CP-02-00_r1.json,0
2026-08-25T22:13:23,JSON,CP,CP-02,CP-02-01,0,0.7,1,0,38253,0,1.0,True,True,299,1174,389,0,0,0,0,0,0,0,389,True,False,,"{""hard_violations"": 0, ""h1_skills"": true, ""h2_coverage"": true, ""h3_caps"": true, ""h4_t1_before_t3"": true, ""h5_t4_restriction"": true, ""s1_t2_early"": true, ""s2_balance"": true, ""s3_low_switching"": true}",,False,experiments/results/E1/raw_outputs/JSON/CP/CP-02-01_r0.json,0
2026-08-25T22:14:37,JSON,CP,CP-02,CP-02-01,1,0.7,1,0,73496,0,1.0,True,True,299,1883,389,0,0,0,0,0,0,0,389,True,False,,"{""hard_violations"": 0, ""h1_skills"": true, ""h2_coverage"": true, ""h3_caps"": true, ""h4_t1_before_t3"": true, ""h5_t4_restriction"": true, ""s1_t2_early"": true, ""s2_balance"": true, ""s3_low_switching"": true}",,False,experiments/results/E1/raw_outputs/JSON/CP/CP-02-01_r1.json,0
2026-08-25T22:14:42,CSIR-SIR,CP,CP-02,CP-02-00,2,0.7,4,3,13402,119859,0.0,False,True,156,233,295,0,0,1684,2048,3424,4096,1368,295,False,True,json:no JSON object found,"{""hard_violations"": 5, ""h1_skills"": false, ""h2_coverage"": false, ""h3_caps"": false, ""h4_t1_before_t3"": false, ""h5_t4_restriction"": false, ""s1_t2_early"": false, ""s2_balance"": false, ""s3_low_switching"": false}",,False,experiments/results/E1/raw_outputs/CSIR-SIR/CP/CP-02-00_r2.json,0
2026-08-25T22:15:05,JSON,CP,CP-02,CP-02-01,2,0.7,1,0,22903,0,1.0,True,True,299,1196,389,0,0,0,0,0,0,0,389,True,False,,"{""hard_violations"": 0, ""h1_skills"": true, ""h2_coverage"": true, ""h3_caps"": true, ""h4_t1_before_t3"": true, ""h5_t4_restriction"": true, ""s1_t2_early"": true, ""s2_balance"": true, ""s3_low_switching"": true}",,False,experiments/results/E1/raw_outputs/JSON/CP/CP-02-01_r2.json,0
2026-08-25T22:15:55,CSIR-SIR,CP,CP-02,CP-02-01,0,0.7,4,3,21786,136225,0.0,False,False,156,617,295,0,0,1684,2048,3424,4096,1368,295,False,True,json:no JSON object found,"{""checker_exception"": ""AttributeError(\""'str' object has no attribute 'items'\"")""}",,False,experiments/results/E1/raw_outputs/CSIR-SIR/CP/CP-02-01_r0.json,0
2026-08-25T22:17:13,JSON,CP,CP-03,CP-03-00,0,0.7,1,0,15268,0,0.8571,False,True,238,650,389,0,0,0,0,0,0,0,389,True,False,,"{""hard_violations"": 1, ""h1_branch_first"": true, ""h2_dry_before_tag"": true, ""h3_retry_bound"": false, ""h4_notes_after_tag"": true, ""h5_announce_after_playbook"": true, ""h6_legal_conditional"": true, ""h7_tag_gate"": true}",,False,experiments/results/E1/raw_outputs/JSON/CP/CP-03-00_r0.json,0
2026-08-25T22:17:17,CSIR-SIR,CP,CP-02,CP-02-01,1,0.7,4,3,10975,108742,0.0,False,True,156,319,295,0,0,1684,2048,3424,4096,1368,295,False,True,json:no JSON object found,"{""hard_violations"": 5, ""h1_skills"": false, ""h2_coverage"": false, ""h3_caps"": false, ""h4_t1_before_t3"": false, ""h5_t4_restriction"": false, ""s1_t2_early"": false, ""s2_balance"": false, ""s3_low_switching"": false}",,False,experiments/results/E1/raw_outputs/CSIR-SIR/CP/CP-02-01_r1.json,0
2026-08-25T22:18:09,CSIR-SIR,CP,CP-02,CP-02-01,2,0.7,4,3,26244,102477,0.0,False,False,156,1050,295,0,0,1684,2048,3424,4096,1368,295,False,True,json:no JSON object found,"{""checker_exception"": ""AttributeError(\""'str' object has no attribute 'items'\"")""}",,False,experiments/results/E1/raw_outputs/CSIR-SIR/CP/CP-02-01_r2.json,0
2026-08-25T22:18:30,JSON,CP,CP-03,CP-03-00,1,0.7,1,0,31096,0,1.0,True,True,238,640,389,0,0,0,0,0,0,0,389,True,False,,"{""hard_violations"": 0, ""h1_branch_first"": true, ""h2_dry_before_tag"": true, ""h3_retry_bound"": true, ""h4_notes_after_tag"": true, ""h5_announce_after_playbook"": true, ""h6_legal_conditional"": true, ""h7_tag_gate"": true}",,False,experiments/results/E1/raw_outputs/JSON/CP/CP-03-00_r1.json,0
2026-08-25T22:19:05,JSON,CP,CP-03,CP-03-00,2,0.7,1,0,14996,0,0.8571,False,True,238,646,389,0,0,0,0,0,0,0,389,True,False,,"{""hard_violations"": 1, ""h1_branch_first"": true, ""h2_dry_before_tag"": true, ""h3_retry_bound"": false, ""h4_notes_after_tag"": true, ""h5_announce_after_playbook"": true, ""h6_legal_conditional"": true, ""h7_tag_gate"": true}",,False,experiments/results/E1/raw_outputs/JSON/CP/CP-03-00_r2.json,0
2026-08-25T22:20:07,CSIR-SIR,CP,CP-03,CP-03-00,2,0.7,4,3,18370,100036,0.4286,False,True,155,749,295,0,0,1623,2048,3302,4096,1368,295,False,True,json:no JSON object found,"{""hard_violations"": 4, ""h1_branch_first"": false, ""h2_dry_before_tag"": false, ""h3_retry_bound"": true, ""h4_notes_after_tag"": false, ""h5_announce_after_playbook"": true, ""h6_legal_conditional"": true, ""h7_tag_gate"": false}",,False,experiments/results/E1/raw_outputs/CSIR-SIR/CP/CP-03-00_r2.json,0
2026-08-25T22:20:30,JSON,CP,CP-03,CP-03-01,0,0.7,1,0,22566,0,0.8571,False,True,235,1127,389,0,0,0,0,0,0,0,389,True,False,,"{""hard_violations"": 1, ""h1_branch_first"": true, ""h2_dry_before_tag"": true, ""h3_retry_bound"": false, ""h4_notes_after_tag"": true, ""h5_announce_after_playbook"": true, ""h6_legal_conditional"": true, ""h7_tag_gate"": true}",,False,experiments/results/E1/raw_outputs/JSON/CP/CP-03-01_r0.json,0
2026-08-25T22:20:32,CSIR-SIR,CP,CP-03,CP-03-00,0,0.7,4,3,18619,117658,0.4286,False,True,155,625,295,0,0,1623,2048,3302,4096,1368,295,False,True,json:no JSON object found,"{""hard_violations"": 4, ""h1_branch_first"": false, ""h2_dry_before_tag"": false, ""h3_retry_bound"": true, ""h4_notes_after_tag"": false, ""h5_announce_after_playbook"": true, ""h6_legal_conditional"": true, ""h7_tag_gate"": false}",,False,experiments/results/E1/raw_outputs/CSIR-SIR/CP/CP-03-00_r0.json,0
2026-08-25T22:20:45,CSIR-SIR,CP,CP-03,CP-03-00,1,0.7,4,3,13057,113980,0.4286,False,True,155,343,295,0,0,1623,2048,3302,4096,1368,295,False,True,json:no JSON object found,"{""hard_violations"": 4, ""h1_branch_first"": false, ""h2_dry_before_tag"": false, ""h3_retry_bound"": true, ""h4_notes_after_tag"": false, ""h5_announce_after_playbook"": true, ""h6_legal_conditional"": true, ""h7_tag_gate"": false}",,False,experiments/results/E1/raw_outputs/CSIR-SIR/CP/CP-03-00_r1.json,0
2026-08-25T22:20:45,JSON,CP,CP-03,CP-03-01,1,0.7,1,0,11531,0,1.0,True,True,235,603,389,0,0,0,0,0,0,0,389,True,False,,"{""hard_violations"": 0, ""h1_branch_first"": true, ""h2_dry_before_tag"": true, ""h3_retry_bound"": true, ""h4_notes_after_tag"": true, ""h5_announce_after_playbook"": true, ""h6_legal_conditional"": true, ""h7_tag_gate"": true}",,False,experiments/results/E1/raw_outputs/JSON/CP/CP-03-01_r1.json,0
2026-08-25T22:22:19,JSON,CP,CP-03,CP-03-01,2,0.7,1,0,20007,0,0.8571,False,True,235,884,389,0,0,0,0,0,0,0,389,True,False,,"{""hard_violations"": 1, ""h1_branch_first"": true, ""h2_dry_before_tag"": true, ""h3_retry_bound"": false, ""h4_notes_after_tag"": true, ""h5_announce_after_playbook"": true, ""h6_legal_conditional"": true, ""h7_tag_gate"": true}",,False,experiments/results/E1/raw_outputs/JSON/CP/CP-03-01_r2.json,0
2026-08-25T22:22:59,CSIR-SIR,CP,CP-03,CP-03-01,0,0.7,4,3,19677,108310,0.2857,False,True,155,591,295,0,0,1620,2048,3296,4096,1368,295,False,True,json:no JSON object found,"{""hard_violations"": 5, ""h1_branch_first"": false, ""h2_dry_before_tag"": false, ""h3_retry_bound"": true, ""h4_notes_after_tag"": false, ""h5_announce_after_playbook"": true, ""h6_legal_conditional"": false, ""h7_tag_gate"": false}",,False,experiments/results/E1/raw_outputs/CSIR-SIR/CP/CP-03-01_r0.json,0
2026-08-25T22:23:54,JSON,CP,CP-04,CP-04-00,0,0.7,1,0,13259,0,1.0,True,True,238,605,389,0,0,0,0,0,0,0,389,True,False,,"{""hard_violations"": 0, ""h1_all_seated_once"": true, ""h2_host_seat1"": true, ""h3_not_adj_AB"": true, ""h4_not_adj_CD"": true, ""h5_adj_EF"": true, ""s1_GH_pref"": true}",,False,experiments/results/E1/raw_outputs/JSON/CP/CP-04-00_r0.json,0
2026-08-25T22:23:57,CSIR-SIR,CP,CP-03,CP-03-01,1,0.7,4,3,11582,112796,0.2857,False,True,155,417,295,0,0,1620,2048,3296,4096,1368,295,False,True,json:no JSON object found,"{""hard_violations"": 5, ""h1_branch_first"": false, ""h2_dry_before_tag"": false, ""h3_retry_bound"": true, ""h4_notes_after_tag"": false, ""h5_announce_after_playbook"": true, ""h6_legal_conditional"": false, ""h7_tag_gate"": false}",,False,experiments/results/E1/raw_outputs/CSIR-SIR/CP/CP-03-01_r1.json,0
2026-08-25T22:24:06,CSIR-SIR,CP,CP-03,CP-03-01,2,0.7,5,3,16776,101319,0.2857,False,True,155,426,295,470,194,1620,2048,3296,4096,1368,295,False,True,json:no JSON object found,"{""hard_violations"": 5, ""h1_branch_first"": false, ""h2_dry_before_tag"": false, ""h3_retry_bound"": true, ""h4_notes_after_tag"": false, ""h5_announce_after_playbook"": true, ""h6_legal_conditional"": false, ""h7_tag_gate"": false}",,False,experiments/results/E1/raw_outputs/CSIR-SIR/CP/CP-03-01_r2.json,0
2026-08-25T22:24:17,JSON,CP,CP-04,CP-04-00,1,0.7,1,0,19844,0,1.0,True,True,238,828,389,0,0,0,0,0,0,0,389,True,False,,"{""hard_violations"": 0, ""h1_all_seated_once"": true, ""h2_host_seat1"": true, ""h3_not_adj_AB"": true, ""h4_not_adj_CD"": true, ""h5_adj_EF"": true, ""s1_GH_pref"": true}",,False,experiments/results/E1/raw_outputs/JSON/CP/CP-04-00_r1.json,0
2026-08-25T22:24:26,JSON,CP,CP-04,CP-04-00,2,0.7,1,0,9100,0,1.0,True,True,238,468,389,0,0,0,0,0,0,0,389,True,False,,"{""hard_violations"": 0, ""h1_all_seated_once"": true, ""h2_host_seat1"": true, ""h3_not_adj_AB"": true, ""h4_not_adj_CD"": true, ""h5_adj_EF"": true, ""s1_GH_pref"": true}",,False,experiments/results/E1/raw_outputs/JSON/CP/CP-04-00_r2.json,0
2026-08-25T22:25:49,CSIR-SIR,CP,CP-04,CP-04-00,1,0.7,4,3,6885,108529,0.0,False,True,167,210,295,0,0,1623,2048,3302,4096,1368,295,False,True,json:no JSON object found,"{""hard_violations"": 5, ""h1_all_seated_once"": false, ""h2_host_seat1"": false, ""h3_not_adj_AB"": false, ""h4_not_adj_CD"": false, ""h5_adj_EF"": false, ""s1_GH_pref"": false}",,False,experiments/results/E1/raw_outputs/CSIR-SIR/CP/CP-04-00_r1.json,0
2026-08-25T22:26:13,CSIR-SIR,CP,CP-04,CP-04-00,0,0.7,4,3,6606,95679,0.0,False,True,167,178,295,0,0,1623,2048,3302,4096,1368,295,False,True,json:no JSON object found,"{""hard_violations"": 5, ""h1_all_seated_once"": false, ""h2_host_seat1"": false, ""h3_not_adj_AB"": false, ""h4_not_adj_CD"": false, ""h5_adj_EF"": false, ""s1_GH_pref"": false}",,False,experiments/results/E1/raw_outputs/CSIR-SIR/CP/CP-04-00_r0.json,0
2026-08-25T22:27:10,JSON,CP,CP-04,CP-04-01,0,0.7,1,0,20320,0,1.0,True,True,225,745,389,0,0,0,0,0,0,0,389,True,False,,"{""hard_violations"": 0, ""h1_all_seated_once"": true, ""h2_host_seat1"": true, ""h3_not_adj_AB"": true, ""h4_not_adj_CD"": true, ""h5_adj_EF"": true}",,False,experiments/results/E1/raw_outputs/JSON/CP/CP-04-01_r0.json,0
2026-08-25T22:27:30,JSON,CP,CP-04,CP-04-01,1,0.7,1,0,17452,0,1.0,True,True,225,477,389,0,0,0,0,0,0,0,389,True,False,,"{""hard_violations"": 0, ""h1_all_seated_once"": true, ""h2_host_seat1"": true, ""h3_not_adj_AB"": true, ""h4_not_adj_CD"": true, ""h5_adj_EF"": true}",,False,experiments/results/E1/raw_outputs/JSON/CP/CP-04-01_r1.json,0
2026-08-25T22:28:47,CSIR-SIR,CP,CP-04,CP-04-01,1,0.7,4,3,7747,119481,0.0,False,True,167,229,295,0,0,1610,2048,3276,4096,1368,295,False,True,json:no JSON object found,"{""hard_violations"": 5, ""h1_all_seated_once"": false, ""h2_host_seat1"": false, ""h3_not_adj_AB"": false, ""h4_not_adj_CD"": false, ""h5_adj_EF"": false}",,False,experiments/results/E1/raw_outputs/CSIR-SIR/CP/CP-04-01_r1.json,0
2026-08-25T22:29:07,JSON,CP,CP-04,CP-04-01,2,0.7,1,0,19692,0,1.0,True,True,225,629,389,0,0,0,0,0,0,0,389,True,False,,"{""hard_violations"": 0, ""h1_all_seated_once"": true, ""h2_host_seat1"": true, ""h3_not_adj_AB"": true, ""h4_not_adj_CD"": true, ""h5_adj_EF"": true}",,False,experiments/results/E1/raw_outputs/JSON/CP/CP-04-01_r2.json,0
2026-08-25T22:29:56,CSIR-SIR,CP,CP-04,CP-04-00,2,0.7,4,3,15239,112542,0.0,False,True,167,499,295,0,0,1623,2048,3302,4096,1368,295,False,True,json:no JSON object found,"{""hard_violations"": 5, ""h1_all_seated_once"": false, ""h2_host_seat1"": false, ""h3_not_adj_AB"": false, ""h4_not_adj_CD"": false, ""h5_adj_EF"": false, ""s1_GH_pref"": false}",,False,experiments/results/E1/raw_outputs/CSIR-SIR/CP/CP-04-00_r2.json,0
2026-08-25T22:30:29,JSON,CP,CP-05,CP-05-00,0,0.7,1,0,12543,0,1.0,True,True,267,540,389,0,0,0,0,0,0,0,389,True,False,,"{""hard_violations"": 0, ""h1_sum_exact"": true, ""h2_infra_floor"": true, ""h3_training_cap"": true, ""h4_ev_tool_cap"": true, ""h5_veto"": true, ""s1_training_pref"": true, ""s2_events_headroom"": true, ""s3_infra_headroom"": true}",,False,experiments/results/E1/raw_outputs/JSON/CP/CP-05-00_r0.json,0
2026-08-25T22:30:30,CSIR-SIR,CP,CP-04,CP-04-01,0,0.7,4,3,9440,98523,0.0,False,True,167,322,295,0,0,1610,2048,3276,4096,1368,295,False,True,json:no JSON object found,"{""hard_violations"": 5, ""h1_all_seated_once"": false, ""h2_host_seat1"": false, ""h3_not_adj_AB"": false, ""h4_not_adj_CD"": false, ""h5_adj_EF"": false}",,False,experiments/results/E1/raw_outputs/CSIR-SIR/CP/CP-04-01_r0.json,0
2026-08-25T22:30:41,CSIR-SIR,CP,CP-04,CP-04-01,2,0.7,4,3,5528,101446,0.0,False,True,167,141,295,0,0,1610,2048,3276,4096,1368,295,False,True,json:no JSON object found,"{""hard_violations"": 5, ""h1_all_seated_once"": false, ""h2_host_seat1"": false, ""h3_not_adj_AB"": false, ""h4_not_adj_CD"": false, ""h5_adj_EF"": false}",,False,experiments/results/E1/raw_outputs/CSIR-SIR/CP/CP-04-01_r2.json,0
2026-08-25T22:30:53,JSON,CP,CP-05,CP-05-00,1,0.7,1,0,22221,0,1.0,True,True,267,1028,389,0,0,0,0,0,0,0,389,True,False,,"{""hard_violations"": 0, ""h1_sum_exact"": true, ""h2_infra_floor"": true, ""h3_training_cap"": true, ""h4_ev_tool_cap"": true, ""h5_veto"": true, ""s1_training_pref"": true, ""s2_events_headroom"": true, ""s3_infra_headroom"": true}",,False,experiments/results/E1/raw_outputs/JSON/CP/CP-05-00_r1.json,0
2026-08-25T22:31:13,JSON,CP,CP-05,CP-05-00,2,0.7,1,0,19428,0,1.0,True,True,267,973,389,0,0,0,0,0,0,0,389,True,False,,"{""hard_violations"": 0, ""h1_sum_exact"": true, ""h2_infra_floor"": true, ""h3_training_cap"": true, ""h4_ev_tool_cap"": true, ""h5_veto"": true, ""s1_training_pref"": true, ""s2_events_headroom"": true, ""s3_infra_headroom"": true}",,False,experiments/results/E1/raw_outputs/JSON/CP/CP-05-00_r2.json,0
2026-08-25T22:31:36,CSIR-SIR,CP,CP-05,CP-05-00,0,0.7,4,3,10674,97219,0.0,False,True,158,224,295,0,0,1652,2048,3360,4096,1368,295,False,True,json:no JSON object found,"{""hard_violations"": 5, ""h1_sum_exact"": false, ""h2_infra_floor"": false, ""h3_training_cap"": false, ""h4_ev_tool_cap"": false, ""h5_veto"": false, ""s1_training_pref"": false, ""s2_events_headroom"": false, ""s3_infra_headroom"": false}",,False,experiments/results/E1/raw_outputs/CSIR-SIR/CP/CP-05-00_r0.json,0
2026-08-25T22:31:45,JSON,CP,CP-05,CP-05-01,0,0.7,1,0,8763,0,1.0,True,True,267,464,389,0,0,0,0,0,0,0,389,True,False,,"{""hard_violations"": 0, ""h1_sum_exact"": true, ""h2_infra_floor"": true, ""h3_training_cap"": true, ""h4_ev_tool_cap"": true, ""h5_veto"": true, ""s1_training_pref"": true, ""s2_events_headroom"": true, ""s3_infra_headroom"": true}",,False,experiments/results/E1/raw_outputs/JSON/CP/CP-05-01_r0.json,0
2026-08-25T22:34:19,CSIR-SIR,CP,CP-05,CP-05-01,1,0.7,4,3,6091,105334,0.0,False,True,158,164,295,0,0,1652,2048,3360,4096,1368,295,False,True,json:no JSON object found,"{""hard_violations"": 5, ""h1_sum_exact"": false, ""h2_infra_floor"": false, ""h3_training_cap"": false, ""h4_ev_tool_cap"": false, ""h5_veto"": false, ""s1_training_pref"": false, ""s2_events_headroom"": false, ""s3_infra_headroom"": false}",,False,experiments/results/E1/raw_outputs/CSIR-SIR/CP/CP-05-01_r1.json,0
2026-08-25T22:34:41,CSIR-SIR,CP,CP-05,CP-05-01,0,0.7,4,3,10848,113910,0.0,False,True,158,342,295,0,0,1652,2048,3360,4096,1368,295,False,True,json:no JSON object found,"{""hard_violations"": 5, ""h1_sum_exact"": false, ""h2_infra_floor"": false, ""h3_training_cap"": false, ""h4_ev_tool_cap"": false, ""h5_veto"": false, ""s1_training_pref"": false, ""s2_events_headroom"": false, ""s3_infra_headroom"": false}",,False,experiments/results/E1/raw_outputs/CSIR-SIR/CP/CP-05-01_r0.json,0
2026-08-25T22:34:52,CSIR-SIR,CP,CP-05,CP-05-00,1,0.7,4,3,7041,109858,0.0,False,True,158,193,295,0,0,1652,2048,3360,4096,1368,295,False,True,json:no JSON object found,"{""hard_violations"": 5, ""h1_sum_exact"": false, ""h2_infra_floor"": false, ""h3_training_cap"": false, ""h4_ev_tool_cap"": false, ""h5_veto"": false, ""s1_training_pref"": false, ""s2_events_headroom"": false, ""s3_infra_headroom"": false}",,False,experiments/results/E1/raw_outputs/CSIR-SIR/CP/CP-05-00_r1.json,0
2026-08-25T22:35:02,JSON,CP,CP-05,CP-05-01,1,0.7,1,0,21162,0,1.0,True,True,267,775,389,0,0,0,0,0,0,0,389,True,False,,"{""hard_violations"": 0, ""h1_sum_exact"": true, ""h2_infra_floor"": true, ""h3_training_cap"": true, ""h4_ev_tool_cap"": true, ""h5_veto"": true, ""s1_training_pref"": true, ""s2_events_headroom"": true, ""s3_infra_headroom"": true}",,False,experiments/results/E1/raw_outputs/JSON/CP/CP-05-01_r1.json,0
2026-08-25T22:35:12,CSIR-SIR,CP,CP-05,CP-05-00,2,0.7,4,3,7501,116955,0.0,False,True,158,253,295,0,0,1652,2048,3360,4096,1368,295,False,True,json:no JSON object found,"{""hard_violations"": 5, ""h1_sum_exact"": false, ""h2_infra_floor"": false, ""h3_training_cap"": false, ""h4_ev_tool_cap"": false, ""h5_veto"": false, ""s1_training_pref"": false, ""s2_events_headroom"": false, ""s3_infra_headroom"": false}",,False,experiments/results/E1/raw_outputs/CSIR-SIR/CP/CP-05-00_r2.json,0
2026-08-25T22:35:38,JSON,TU,TU-01,TU-01-00,0,0.7,1,0,5238,0,1.0,True,True,264,248,389,0,0,0,0,0,0,0,389,True,False,,"{""n_calls"": 1, ""room"": true, ""date"": true, ""start"": true, ""end"": true, ""count"": true, ""proj"": true}",,False,experiments/results/E1/raw_outputs/JSON/TU/TU-01-00_r0.json,0
2026-08-25T22:35:42,JSON,CP,CP-05,CP-05-01,2,0.7,1,0,27713,0,1.0,True,True,267,1227,389,0,0,0,0,0,0,0,389,True,False,,"{""hard_violations"": 0, ""h1_sum_exact"": true, ""h2_infra_floor"": true, ""h3_training_cap"": true, ""h4_ev_tool_cap"": true, ""h5_veto"": true, ""s1_training_pref"": true, ""s2_events_headroom"": true, ""s3_infra_headroom"": true}",,False,experiments/results/E1/raw_outputs/JSON/CP/CP-05-01_r2.json,0
2026-08-25T22:35:47,JSON,TU,TU-01,TU-01-00,1,0.7,1,0,4821,0,1.0,True,True,264,202,389,0,0,0,0,0,0,0,389,True,False,,"{""n_calls"": 1, ""room"": true, ""date"": true, ""start"": true, ""end"": true, ""count"": true, ""proj"": true}",,False,experiments/results/E1/raw_outputs/JSON/TU/TU-01-00_r1.json,0
2026-08-25T22:37:09,CSIR-SIR,CP,CP-05,CP-05-01,2,0.7,4,3,8857,117500,0.0,False,True,158,228,295,0,0,1652,2048,3360,4096,1368,295,False,True,json:no JSON object found,"{""hard_violations"": 5, ""h1_sum_exact"": false, ""h2_infra_floor"": false, ""h3_training_cap"": false, ""h4_ev_tool_cap"": false, ""h5_veto"": false, ""s1_training_pref"": false, ""s2_events_headroom"": false, ""s3_infra_headroom"": false}",,False,experiments/results/E1/raw_outputs/CSIR-SIR/CP/CP-05-01_r2.json,0
2026-08-25T22:37:16,JSON,TU,TU-01,TU-01-00,2,0.7,1,0,6525,0,1.0,True,True,264,223,389,0,0,0,0,0,0,0,389,True,False,,"{""n_calls"": 1, ""room"": true, ""date"": true, ""start"": true, ""end"": true, ""count"": true, ""proj"": true}",,False,experiments/results/E1/raw_outputs/JSON/TU/TU-01-00_r2.json,0
2026-08-25T22:39:07,CSIR-SIR,TU,TU-01,TU-01-00,0,0.7,4,3,11527,144280,0.0,False,True,163,325,295,0,0,1649,2048,3354,4096,1368,295,False,True,json:no JSON object found,"{""n_calls"": 0, ""why"": ""no book call""}",,False,experiments/results/E1/raw_outputs/CSIR-SIR/TU/TU-01-00_r0.json,0
2026-08-25T22:45:39,CSIR-SIR,TU,TU-01,TU-01-00,1,0.7,4,3,10404,116744,0.0,False,False,0,0,295,0,0,1649,2048,1677,2048,1368,295,False,True,json:no JSON object found,{},,True,experiments/results/E1/raw_outputs/CSIR-SIR/TU/TU-01-00_r1.json,0
2026-08-25T22:52:15,CSIR-SIR,TU,TU-01,TU-01-00,1,0.7,2,1,10410,10419,0.0,False,False,0,0,295,0,0,0,0,0,0,1368,295,False,False,,{},,True,experiments/results/E1/raw_outputs/CSIR-SIR/TU/TU-01-00_r1.json,1
2026-08-25T22:52:15,CSIR-SIR,TU,TU-01,TU-01-00,2,0.7,4,3,10399,120560,0.0,False,False,0,0,295,0,0,1649,2048,1677,2048,1368,295,False,True,json:no JSON object found,{},,True,experiments/results/E1/raw_outputs/CSIR-SIR/TU/TU-01-00_r2.json,0
2026-08-25T22:58:50,CSIR-SIR,TU,TU-01,TU-01-00,2,0.7,2,1,10396,10403,0.0,False,False,0,0,295,0,0,0,0,0,0,1368,295,False,False,,{},,True,experiments/results/E1/raw_outputs/CSIR-SIR/TU/TU-01-00_r2.json,1
2026-08-25T22:58:50,CSIR-SIR,TU,TU-01,TU-01-01,0,0.7,4,3,10405,136961,0.0,False,False,0,0,295,0,0,1646,2048,1674,2048,1368,295,False,True,json:no JSON object found,{},,True,experiments/results/E1/raw_outputs/CSIR-SIR/TU/TU-01-01_r0.json,0
2026-08-25T23:05:24,CSIR-SIR,TU,TU-01,TU-01-01,0,0.7,2,1,10408,10403,0.0,False,False,0,0,295,0,0,0,0,0,0,1368,295,False,False,,{},,True,experiments/results/E1/raw_outputs/CSIR-SIR/TU/TU-01-01_r0.json,1
2026-08-25T23:05:24,JSON,TU,TU-01,TU-01-01,0,0.7,3,0,31257,0,0.0,False,False,0,0,389,0,0,0,0,0,0,0,389,True,False,,{},parse: no JSON object found,True,experiments/results/E1/raw_outputs/JSON/TU/TU-01-01_r0.json,0
2026-08-25T23:15:14,JSON,TU,TU-01,TU-01-01,0,0.7,3,0,31207,0,0.0,False,False,0,0,389,0,0,0,0,0,0,0,389,True,False,,{},parse: no JSON object found,True,experiments/results/E1/raw_outputs/JSON/TU/TU-01-01_r0.json,1
2026-08-25T23:15:14,CSIR-SIR,TU,TU-01,TU-01-01,1,0.7,2,1,10404,10416,0.0,False,False,0,0,295,0,0,0,0,0,0,1368,295,False,False,,{},,True,experiments/results/E1/raw_outputs/CSIR-SIR/TU/TU-01-01_r1.json,0
2026-08-25T23:21:48,CSIR-SIR,TU,TU-01,TU-01-01,1,0.7,2,1,10416,10446,0.0,False,False,0,0,295,0,0,0,0,0,0,1368,295,False,False,,{},,True,experiments/results/E1/raw_outputs/CSIR-SIR/TU/TU-01-01_r1.json,1
2026-08-25T23:21:48,CSIR-SIR,TU,TU-01,TU-01-01,2,0.7,2,1,10420,10403,0.0,False,False,0,0,295,0,0,0,0,0,0,1368,295,False,False,,{},,True,experiments/results/E1/raw_outputs/CSIR-SIR/TU/TU-01-01_r2.json,0
2026-08-25T23:28:25,CSIR-SIR,TU,TU-01,TU-01-01,2,0.7,2,1,10419,10416,0.0,False,False,0,0,295,0,0,0,0,0,0,1368,295,False,False,,{},,True,experiments/results/E1/raw_outputs/CSIR-SIR/TU/TU-01-01_r2.json,1
2026-08-25T23:28:25,JSON,TU,TU-01,TU-01-01,1,0.7,3,0,31220,0,0.0,False,False,0,0,389,0,0,0,0,0,0,0,389,True,False,,{},parse: no JSON object found,True,experiments/results/E1/raw_outputs/JSON/TU/TU-01-01_r1.json,0
2026-08-25T23:38:16,JSON,TU,TU-01,TU-01-01,1,0.7,3,0,31218,0,0.0,False,False,0,0,389,0,0,0,0,0,0,0,389,True,False,,{},parse: no JSON object found,True,experiments/results/E1/raw_outputs/JSON/TU/TU-01-01_r1.json,1
2026-08-25T23:38:16,JSON,TU,TU-01,TU-01-01,2,0.7,3,0,31215,0,0.0,False,False,0,0,389,0,0,0,0,0,0,0,389,True,False,,{},parse: no JSON object found,True,experiments/results/E1/raw_outputs/JSON/TU/TU-01-01_r2.json,0
2026-08-25T23:48:06,JSON,TU,TU-01,TU-01-01,2,0.7,3,0,31223,0,0.0,False,False,0,0,389,0,0,0,0,0,0,0,389,True,False,,{},parse: no JSON object found,True,experiments/results/E1/raw_outputs/JSON/TU/TU-01-01_r2.json,1
